{"lisa":{"status":{"water":173.20000000000002,"happiness":90.59999999999997},"life":{"isAlive":false,"killer":"NobodyRocks#5051","deathThrough":"drowning","birth":1545477404723,"death":1545477435342},"score":{"highScore":490094}}}
